{
  "Zabrze, Poland": [
    50.3086154,
    18.7863749
  ],
  "Brisbane": [
    -27.365991,
    152.948963
  ],
  "Magdeburg, Germany": [
    52.1314783,
    11.6400789
  ],
  "Vienna": [
    48.2083537,
    16.3725042
  ],
  "Belmopan, BZ": [
    17.250199,
    -88.770018
  ],
  "Santa Maria, RS, Brazil": [
    -29.6860512,
    -53.8069214
  ],
  "Germany": [
    51.1638175,
    10.4478313
  ],
  "Philadelphia, PA USA": [
    39.9527237,
    -75.1635262
  ],
  "Virginia Beach, Virginia, USA": [
    36.8496579,
    -75.9760751
  ],
  "Brazil": [
    -10.3333333,
    -53.2
  ],
  "Berkeley, CA": [
    37.8708393,
    -122.272863
  ],
  "Berlin, Germany": [
    52.5173885,
    13.3951309
  ],
  "Pune": [
    18.5213738,
    73.8545071
  ],
  "Shanghai": [
    31.2312707,
    121.4700152
  ],
  "Jena": [
    50.9281717,
    11.5879359
  ],
  "Brisbane, Australia": [
    -27.365991,
    152.948963
  ],
  "Austin, TX": [
    30.2711286,
    -97.7436995
  ],
  "benglore": null,
  "Dresden, Germany": [
    51.0493286,
    13.7381437
  ],
  "United Kingdom": [
    54.7023545,
    -3.2765753
  ],
  "Munich": [
    48.1371079,
    11.5753822
  ],
  "Cypher core": null,
  "China": [
    35.000074,
    104.999927
  ],
  "Santander": [
    43.4618932,
    -3.8100255
  ],
  "Tulum": [
    20.429647,
    -87.6529306
  ],
  "Wiesbaden, Germany": [
    50.0820384,
    8.2416556
  ],
  "India": [
    22.3511148,
    78.6677428
  ],
  "San Francisco": [
    37.7879363,
    -122.4075201
  ],
  "France": [
    46.603354,
    1.8883335
  ],
  "Rostock": [
    54.0886707,
    12.1400211
  ],
  "Zhejiang, China": [
    29.0000001,
    119.9999999
  ],
  "Reyada Information Technologies": null,
  "Germany, Muenster": [
    51.9625101,
    7.6251879
  ],
  "Stockach, Germany": [
    47.8530941,
    9.0134524
  ],
  "Chandigarh India": [
    30.7334421,
    76.7797143
  ],
  "Biella, Italia": [
    45.5669538,
    8.086912
  ],
  "Kiel, Germany": [
    54.3227085,
    10.135555
  ],
  "Boulder, CO": [
    40.0149856,
    -105.270545
  ],
  "Cologne": [
    50.938361,
    6.959974
  ],
  "Hannover, Germany": [
    52.3744779,
    9.7385532
  ],
  "Greifswald": [
    54.095791,
    13.3815238
  ],
  "Washington DC": [
    38.8950368,
    -77.0365427
  ],
  "Ghent": [
    51.0538286,
    3.7250121
  ],
  "Pereira, Colombia": [
    4.7854606,
    -75.788322
  ],
  "St Cloud": [
    45.574643,
    -94.1205808
  ],
  "Brasil": [
    -10.3333333,
    -53.2
  ],
  "Philadelphia": [
    39.9527237,
    -75.1635262
  ],
  "Las Vegas, Nevada": [
    36.1674263,
    -115.1484131
  ],
  "Akka": [
    32.9281731,
    35.0756378
  ],
  "houston texas": [
    29.7589382,
    -95.3676974
  ],
  "TIBHannover": null,
  "Marburg, Germany": [
    50.8090106,
    8.7704695
  ],
  "Tampa, FL": [
    27.9449854,
    -82.4583107
  ],
  "Japan": [
    36.5748441,
    139.2394179
  ],
  "Costa Mesa, CA": [
    33.6633386,
    -117.903317
  ],
  "Taoyuan City": [
    24.9929995,
    121.3010003
  ],
  "north las vegas": [
    36.2005191,
    -115.1214745
  ],
  "Seoul": [
    37.5666791,
    126.9782914
  ],
  "TU Freiberg": [
    48.3198649,
    16.2890434
  ],
  "UK": [
    19.7031822,
    -79.9174627
  ],
  "Bucharest": [
    44.4361414,
    26.102684
  ],
  "Rennes": [
    48.1113387,
    -1.6800198
  ],
  "Berlin": [
    52.5173885,
    13.3951309
  ],
  "Spain": [
    39.3260685,
    -4.8379791
  ],
  "Granada, Spain": [
    37.1734995,
    -3.5995337
  ],
  "indore": [
    22.7203616,
    75.8681996
  ],
  "New York, NY": [
    40.7127281,
    -74.0060152
  ],
  "Münster": [
    51.9625101,
    7.6251879
  ],
  "Holland": [
    52.2434979,
    5.6343227
  ],
  "Erlangen": [
    49.5891571,
    10.9812072
  ],
  "Charlotte, North Carolina": [
    35.2272086,
    -80.8430827
  ],
  "Netherlands": [
    52.2434979,
    5.6343227
  ],
  "ProsperaLabs.ai": null,
  "Kiel": [
    54.3227085,
    10.135555
  ],
  "Ancona, Italia": [
    43.4801189,
    13.2187279
  ],
  "Bishkek, Kyrgyzstan": [
    42.8761424,
    74.6036724
  ],
  "Canada": [
    61.0666922,
    -107.991707
  ],
  "Nagyszénás": [
    46.6715027,
    20.6727493
  ],
  "Germany - Bamberg/Nuremberg": null,
  "xyflow": null,
  "United States of America": [
    39.7837304,
    -100.445882
  ],
  "Purwokerto, Indonesia": [
    -7.4194647,
    109.2218425
  ],
  "Tampere, Finland": [
    61.4977929,
    23.7616372
  ],
  "Oregon, USA": [
    43.9792797,
    -120.737257
  ],
  "Kropyvnytskyi": [
    48.5105805,
    32.2656283
  ],
  "Asuncion, Paraguay": [
    -25.2800459,
    -57.6343814
  ],
  "Secureworks": [
    55.9631503,
    -3.2019499
  ],
  "Bogotá D.C.": [
    4.2834715,
    -74.1753606
  ],
  "Kansas City area": [
    0.3506927,
    32.5611277
  ],
  "Indianapolis, IN": [
    39.7683331,
    -86.1583502
  ],
  "Edgewater, FL": [
    28.9888754,
    -80.9022758
  ],
  "digitalcolf": null,
  "Louisiana": [
    30.8703881,
    -92.007126
  ],
  "The University of Texas at Arlington": [
    32.7284713,
    -97.1120213
  ],
  "Vienna, Austria": [
    48.2083537,
    16.3725042
  ],
  "Phoenix, AZ": [
    33.4484367,
    -112.074141
  ],
  "University of Gothenburg": [
    57.6985465,
    11.9712422
  ],
  "Hartford, CT": [
    41.764582,
    -72.6908547
  ],
  "Dallas, TX": [
    32.7762719,
    -96.7968559
  ],
  "Cambridge": [
    52.2055314,
    0.1186637
  ],
  "Ottawa, Canada": [
    45.4208777,
    -75.6901106
  ],
  "Strasbourg": [
    48.584614,
    7.7507127
  ],
  "Copenhagen, Denmark": [
    55.6867243,
    12.5700724
  ],
  "Heidelberg": [
    49.4093582,
    8.694724
  ],
  "New York City": [
    40.7127281,
    -74.0060152
  ],
  "Farmington, UT": [
    40.9804423,
    -111.8874688
  ],
  "Beijing": [
    39.9057136,
    116.3912972
  ],
  "Cleveland Avenue, Piedmont Neighborhood, Northeast Portland, OR, USA, Earth": null,
  "Bucharest, Romania": [
    44.4361414,
    26.102684
  ],
  "Ireland": [
    52.865196,
    -7.9794599
  ],
  "Oakland, CA": [
    37.8044557,
    -122.271356
  ],
  "Philadelphia, PA": [
    39.9527237,
    -75.1635262
  ],
  "Hamburg, Germany": [
    53.550341,
    10.000654
  ],
  "Tunisia": [
    33.8439408,
    9.400138
  ],
  "Poland": [
    52.215933,
    19.134422
  ],
  "Hadleigh, Suffolk, UK": [
    52.0441822,
    0.9542292
  ],
  "Amsterdam": [
    52.3730796,
    4.8924534
  ],
  "Dresden": [
    51.0493286,
    13.7381437
  ],
  "Cincinnati, Ohio": [
    39.1014537,
    -84.5124602
  ],
  "Brussels, Belgium": [
    50.8467372,
    4.352493
  ],
  "USA": [
    39.7837304,
    -100.445882
  ],
  "Sweden": [
    59.6749712,
    14.5208584
  ],
  "Switzerland": [
    46.7985624,
    8.2319736
  ],
  "Sceaux": [
    47.5147285,
    4.0218449
  ],
  "Nancy, France": [
    48.6937223,
    6.1834097
  ],
  "Charlottesville VA": [
    38.029306,
    -78.4766781
  ],
  "Belgium": [
    50.6402809,
    4.6667145
  ],
  "Potsdam": [
    52.4009309,
    13.0591397
  ],
  "Minneapolis, MN": [
    44.9772995,
    -93.2654692
  ],
  "Deutschland": [
    51.1638175,
    10.4478313
  ],
  "Tübingen, Germany": [
    48.5203263,
    9.053596
  ],
  "Nantes": [
    47.2186371,
    -1.5541362
  ],
  "Omaha, NE": [
    41.2587459,
    -95.9383758
  ]
}